{
  "CreatedUtc": "2026-03-05T07:54:18.3566684+00:00",
  "Trainer": "LightGbmBinary",
  "AlertRate": "0.5%",
  "Metrics": {
    "Accuracy": 0.998455,
    "AreaUnderRocCurve": 0.9720538095238095,
    "AreaUnderPrecisionRecallCurve": 0.667953599759037,
    "F1Score": 0.6709265175718849,
    "PositivePrecision": 0.7175398633257403,
    "PositiveRecall": 0.63
  }
}